"photo_id","lat","lon","url"
"27235488335","49.414351","8.709529","https://farm8.staticflickr.com/7674/27235488335_513a684aee_z.jpg"
"27201309326","49.411371","8.703660","https://farm8.staticflickr.com/7677/27201309326_5847753d2a_z.jpg"
"27122414212","49.403969","8.675930","https://farm8.staticflickr.com/7722/27122414212_d3bcbe0838_z.jpg"
"27122399732","49.403969","8.675930","https://farm8.staticflickr.com/7372/27122399732_f9459d9d4d_z.jpg"
"27162804566","49.410561","8.715402","https://farm8.staticflickr.com/7334/27162804566_a3a0342b8b_z.jpg"
"27162804306","49.411122","8.717316","https://farm8.staticflickr.com/7620/27162804306_a800ca6253_z.jpg"
"27162804116","49.406969","8.691877","https://farm8.staticflickr.com/7467/27162804116_da67ae9f97_z.jpg"
"27162803876","49.413697","8.708997","https://farm8.staticflickr.com/7257/27162803876_d4c30fef29_z.jpg"
"26573479814","49.412788","8.692309","https://farm8.staticflickr.com/7187/26573479814_cb208fe056_z.jpg"
"27146216696","49.412788","8.692309","https://farm8.staticflickr.com/7074/27146216696_0cc039b237_z.jpg"
"27084070492","49.412788","8.692309","https://farm8.staticflickr.com/7115/27084070492_1a75b9f7ce_z.jpg"
"26574932753","49.414798","8.704583","https://farm8.staticflickr.com/7720/26574932753_d2fbe58faa_z.jpg"
"26574911623","49.414798","8.704583","https://farm8.staticflickr.com/7005/26574911623_10c524477e_z.jpg"
"27146150546","49.414644","8.709518","https://farm8.staticflickr.com/7004/27146150546_a08c4c8541_z.jpg"
"27084017292","49.415510","8.710505","https://farm8.staticflickr.com/7353/27084017292_259f69d5dd_z.jpg"
"26574849063","49.415510","8.710505","https://farm8.staticflickr.com/7359/26574849063_eea34835e2_z.jpg"
"26574830383","49.415510","8.710505","https://farm8.staticflickr.com/7615/26574830383_91c3a8746f_z.jpg"
"27146102686","49.413388","8.708059","https://farm8.staticflickr.com/7114/27146102686_385343152e_z.jpg"
"27083965022","49.412418","8.705270","https://farm8.staticflickr.com/7589/27083965022_8ef055be19_z.jpg"
"26571998824","49.413255","8.694251","https://farm8.staticflickr.com/7139/26571998824_e0baf7d840_z.jpg"
"26572948873","49.413416","8.709411","https://farm8.staticflickr.com/7372/26572948873_5bd139bf5f_z.jpg"
"27070657362","49.417164","8.708596","https://farm8.staticflickr.com/7645/27070657362_ec8eab8455_z.jpg"
"27122093396","49.416441","8.704500","https://farm8.staticflickr.com/7661/27122093396_b0dd8288b3_z.jpg"
"27112968786","49.410847","8.715505","https://farm8.staticflickr.com/7254/27112968786_c5259831f9_z.jpg"
"27060455411","49.412200","8.710000","https://farm8.staticflickr.com/7237/27060455411_fcf378e2bb_z.jpg"
"27091360096","49.412747","8.704489","https://farm8.staticflickr.com/7480/27091360096_c7d35c9f71_z.jpg"
"26519750323","49.416966","8.672194","https://farm8.staticflickr.com/7151/26519750323_8a0dd2a8cf_z.jpg"
"27123528335","49.417205","8.676566","https://farm8.staticflickr.com/7480/27123528335_4ca2561811_z.jpg"
"27055238601","49.414877","8.666747","https://farm8.staticflickr.com/7021/27055238601_94b1550ce6_z.jpg"
"26504358853","49.413490","8.708070","https://farm8.staticflickr.com/7166/26504358853_ba3d6861de_z.jpg"
"26815354040","49.412883","8.713550","https://farm8.staticflickr.com/7196/26815354040_f4d59d4f50_z.jpg"
"26815351500","49.412777","8.713494","https://farm8.staticflickr.com/7059/26815351500_b2673a9fec_z.jpg"
"27089515815","49.406994","8.692661","https://farm8.staticflickr.com/7747/27089515815_5e9ed78c1d_z.jpg"
"27056289636","49.411113","8.714961","https://farm8.staticflickr.com/7743/27056289636_a4778f7c3e_z.jpg"
"26485789613","49.411113","8.714961","https://farm8.staticflickr.com/7276/26485789613_a5fb324ab5_z.jpg"
"27056289566","49.406880","8.691997","https://farm8.staticflickr.com/7758/27056289566_5bbcf01b27_z.jpg"
"27056289486","49.406733","8.692013","https://farm8.staticflickr.com/7777/27056289486_0f3bf36036_z.jpg"
"26485789383","49.407177","8.692991","https://farm8.staticflickr.com/7704/26485789383_96f7225c85_z.jpg"
"26815351260","49.406733","8.692013","https://farm8.staticflickr.com/7293/26815351260_9cf758d8c1_z.jpg"
"26815351330","49.406691","8.691877","https://farm8.staticflickr.com/7258/26815351330_a1274a4f5a_z.jpg"
"26485789543","49.412888","8.713550","https://farm8.staticflickr.com/7174/26485789543_4b25603bf1_z.jpg"
"26815351420","49.412852","8.713452","https://farm8.staticflickr.com/7429/26815351420_c264822aa8_z.jpg"
"26815351220","49.406836","8.691963","https://farm8.staticflickr.com/7315/26815351220_c50a3b9f6c_z.jpg"
"26480991484","49.412107","8.706053","https://farm8.staticflickr.com/7660/26480991484_16941408fc_z.jpg"
"27018076311","49.411482","8.704444","https://farm8.staticflickr.com/7483/27018076311_043eba800d_z.jpg"
"26951778902","49.400962","8.668781","https://farm8.staticflickr.com/7518/26951778902_b52b46f95b_z.jpg"
"26951790922","49.416780","8.709074","https://farm8.staticflickr.com/7371/26951790922_91db3dbd71_z.jpg"
"27011726446","49.404669","8.676683","https://farm8.staticflickr.com/7066/27011726446_1625e212cf_z.jpg"
"26941843092","49.410554","8.719024","https://farm8.staticflickr.com/7081/26941843092_b5fe607f36_z.jpg"
"27036325775","49.410086","8.706257","https://farm8.staticflickr.com/7300/27036325775_876eb3eeb1_z.jpg"
"26429596303","49.429036","8.683921","https://farm8.staticflickr.com/7154/26429596303_7c2fd1bc7a_z.jpg"
"26959379581","49.416363","8.704644","https://farm8.staticflickr.com/7567/26959379581_99e71ab232_z.jpg"
"26989999026","49.416427","8.704508","https://farm8.staticflickr.com/7415/26989999026_7dc9430a09_z.jpg"
"27022872585","49.398993","8.689949","https://farm8.staticflickr.com/7134/27022872585_2f10d0251d_z.jpg"
"26960224676","49.410955","8.712733","https://farm8.staticflickr.com/7724/26960224676_4e03281123_z.jpg"
"26387596944","49.412205","8.712320","https://farm8.staticflickr.com/7573/26387596944_236ef0aaa7_z.jpg"
"26702584320","49.404008","8.676836","https://farm8.staticflickr.com/7140/26702584320_8e1ece2890_z.jpg"
"26896388881","49.415213","8.709283","https://farm8.staticflickr.com/7146/26896388881_1c427dc6de_z.jpg"
"26359370474","49.413672","8.709486","https://farm8.staticflickr.com/7353/26359370474_5bdc9d909d_z.jpg"
"26896359271","49.413386","8.709166","https://farm8.staticflickr.com/7109/26896359271_3996c0e87a_z.jpg"
"26931288746","49.412425","8.712486","https://farm8.staticflickr.com/7703/26931288746_71c10b4411_z.jpg"
"26896306701","49.413719","8.709608","https://farm8.staticflickr.com/7335/26896306701_a358a95852_z.jpg"
"26352103983","49.410603","8.715387","https://farm8.staticflickr.com/7033/26352103983_03c8722421_z.jpg"
"26896862326","49.409074","8.689370","https://farm8.staticflickr.com/7219/26896862326_bb863156bc_z.jpg"
"26823951372","49.415138","8.700313","https://farm8.staticflickr.com/7022/26823951372_0228f608c0_z.jpg"
"26644736460","49.420275","8.717988","https://farm8.staticflickr.com/7165/26644736460_4fd1d86087_z.jpg"
"26311428663","49.414169","8.689755","https://farm8.staticflickr.com/7793/26311428663_e3b2bc686e_z.jpg"
"26874859965","49.411336","8.668269","https://farm8.staticflickr.com/7757/26874859965_dc82a8228f_z.jpg"
"26780537912","49.407233","8.693375","https://farm8.staticflickr.com/7107/26780537912_c5eee670e5_z.jpg"
"26806419211","49.407233","8.693375","https://farm8.staticflickr.com/7336/26806419211_61e882ec89_z.jpg"
"26839923566","49.410603","8.715387","https://farm8.staticflickr.com/7419/26839923566_f4fe4f781f_z.jpg"
"26806396381","49.407666","8.696191","https://farm8.staticflickr.com/7505/26806396381_16b71a674d_z.jpg"
"26839909716","49.415391","8.721900","https://farm8.staticflickr.com/7621/26839909716_3032f8d3a8_z.jpg"
"26269686153","49.410641","8.718330","https://farm8.staticflickr.com/7449/26269686153_d3f1fa75c1_z.jpg"
"26873997985","49.410116","8.716669","https://farm8.staticflickr.com/7619/26873997985_61a73a17ff_z.jpg"
"26839891216","49.410550","8.716838","https://farm8.staticflickr.com/7665/26839891216_aa1282c63b_z.jpg"
"26806346501","49.410116","8.716669","https://farm8.staticflickr.com/7734/26806346501_5125d7ab72_z.jpg"
"26839871396","49.410488","8.717116","https://farm8.staticflickr.com/7148/26839871396_e0922a5ced_z.jpg"
"26839865336","49.410116","8.716669","https://farm8.staticflickr.com/7513/26839865336_e59232174a_z.jpg"
"26806331581","49.410016","8.716547","https://farm8.staticflickr.com/7531/26806331581_8662d34e99_z.jpg"
"26268510324","49.410116","8.716669","https://farm8.staticflickr.com/7426/26268510324_064f115541_z.jpg"
"26268508104","49.410016","8.716547","https://farm8.staticflickr.com/7614/26268508104_47116d6183_z.jpg"
"26268467824","49.410800","8.715330","https://farm8.staticflickr.com/7321/26268467824_df91103f2b_z.jpg"
"26269543803","49.411119","8.715050","https://farm8.staticflickr.com/7264/26269543803_ec829ee070_z.jpg"
"26839720066","49.415391","8.721900","https://farm8.staticflickr.com/7236/26839720066_1c61cdd5df_z.jpg"
"26873856895","49.411233","8.715027","https://farm8.staticflickr.com/7157/26873856895_68d4162482_z.jpg"
"26839703106","49.411433","8.715222","https://farm8.staticflickr.com/7660/26839703106_dd76d7704b_z.jpg"
"26780242572","49.415391","8.721900","https://farm8.staticflickr.com/7101/26780242572_54e4717fa2_z.jpg"
"26269478683","49.411425","8.704308","https://farm8.staticflickr.com/7096/26269478683_847cbba098_z.jpg"
"26873813825","49.411425","8.704308","https://farm8.staticflickr.com/7299/26873813825_f605e41639_z.jpg"
"26780231972","49.411425","8.704308","https://farm8.staticflickr.com/7713/26780231972_26ff42342f_z.jpg"
"26269462193","49.404366","8.676044","https://farm8.staticflickr.com/7482/26269462193_077bf1fcd5_z.jpg"
"26873769295","49.403719","8.675877","https://farm8.staticflickr.com/7713/26873769295_71913dd6df_z.jpg"
"26268291964","49.403719","8.675877","https://farm8.staticflickr.com/7017/26268291964_dfc371dc44_z.jpg"
"26806153281","49.403719","8.675877","https://farm8.staticflickr.com/7300/26806153281_800cd72e25_z.jpg"
"26268285024","49.403719","8.675877","https://farm8.staticflickr.com/7013/26268285024_d66340af1d_z.jpg"
"26253834803","49.411029","8.712835","https://farm8.staticflickr.com/7771/26253834803_783c7cab0d_z.jpg"
"26781560781","49.414230","8.709605","https://farm8.staticflickr.com/7355/26781560781_8ee18d53c2_z.jpg"
"26754227362","49.414761","8.709563","https://farm8.staticflickr.com/7328/26754227362_23fc9f1c8b_z.jpg"
"26780527421","49.412772","8.692611","https://farm8.staticflickr.com/7624/26780527421_58b7c0a353_z.jpg"
"26780454171","49.414783","8.705924","https://farm8.staticflickr.com/7262/26780454171_8300001231_z.jpg"
"26820175555","49.414169","8.689755","https://farm8.staticflickr.com/7281/26820175555_1093c48b2e_z.jpg"
"26176799183","49.404897","8.677233","https://farm2.staticflickr.com/1463/26176799183_f02b5bced9_z.jpg"
"26778908555","49.411800","8.692380","https://farm2.staticflickr.com/1493/26778908555_25225ce981_z.jpg"
"26658332652","49.414169","8.689755","https://farm2.staticflickr.com/1679/26658332652_7d03c081c9_z.jpg"
"26711049876","49.415588","8.699972","https://farm2.staticflickr.com/1575/26711049876_f784a34f1e_z.jpg"
"26122700563","49.412200","8.710000","https://farm2.staticflickr.com/1673/26122700563_cf390b0412_z.jpg"
"26107458574","49.414393","8.709540","https://farm2.staticflickr.com/1471/26107458574_646a101f1d_z.jpg"
"26107456934","49.414393","8.709540","https://farm2.staticflickr.com/1519/26107456934_38328ccb06_z.jpg"
"26440571830","49.411803","8.707737","https://farm2.staticflickr.com/1570/26440571830_91cc29cb9d_z.jpg"
"26713249565","49.411803","8.707737","https://farm2.staticflickr.com/1604/26713249565_d143c40631_z.jpg"
"26440570390","49.411280","8.705828","https://farm2.staticflickr.com/1611/26440570390_6b5dafaf98_z.jpg"
"26713247795","49.410847","8.706321","https://farm2.staticflickr.com/1623/26713247795_f3c1efd458_z.jpg"
"26440569230","49.410847","8.706321","https://farm2.staticflickr.com/1543/26440569230_c8770c4f69_z.jpg"
"26713246165","49.411343","8.706268","https://farm2.staticflickr.com/1478/26713246165_1358e493e7_z.jpg"
"26440568190","49.411343","8.706268","https://farm2.staticflickr.com/1632/26440568190_eb1964ea7a_z.jpg"
"26713244575","49.411343","8.706268","https://farm2.staticflickr.com/1711/26713244575_9c53482beb_z.jpg"
"26440566920","49.411343","8.706268","https://farm2.staticflickr.com/1576/26440566920_ca8b69a0d4_z.jpg"
"26713243125","49.411119","8.706729","https://farm2.staticflickr.com/1517/26713243125_527fbfc61a_z.jpg"
"26440565860","49.411119","8.706729","https://farm2.staticflickr.com/1459/26440565860_034702856f_z.jpg"
"26713241745","49.411119","8.706729","https://farm2.staticflickr.com/1695/26713241745_a415903efd_z.jpg"
"26440565390","49.411119","8.706729","https://farm2.staticflickr.com/1698/26440565390_acda08459a_z.jpg"
"26620067272","49.411119","8.706729","https://farm2.staticflickr.com/1681/26620067272_37767c60e2_z.jpg"
"26440564530","49.411119","8.706729","https://farm2.staticflickr.com/1648/26440564530_5b8e0a876f_z.jpg"
"26620065332","49.411119","8.706729","https://farm2.staticflickr.com/1644/26620065332_7bac982bbd_z.jpg"
"26713238555","49.411119","8.706729","https://farm2.staticflickr.com/1471/26713238555_3f5edd7131_z.jpg"
"26620062802","49.411119","8.706729","https://farm2.staticflickr.com/1556/26620062802_1292e9e74e_z.jpg"
"26686907106","49.411119","8.706729","https://farm2.staticflickr.com/1486/26686907106_900999de2c_z.jpg"
"26620060762","49.411803","8.707737","https://farm2.staticflickr.com/1637/26620060762_b7fc569f7a_z.jpg"
"26686905176","49.411119","8.706729","https://farm2.staticflickr.com/1715/26686905176_a5e15a09ea_z.jpg"
"26686516836","49.411887","8.708800","https://farm2.staticflickr.com/1581/26686516836_0b7fac7b60_z.jpg"
"26106661044","49.411887","8.708800","https://farm2.staticflickr.com/1648/26106661044_810c1988ca_z.jpg"
"26686515406","49.411887","8.708800","https://farm2.staticflickr.com/1681/26686515406_1c266c529f_z.jpg"
"26106660124","49.411887","8.708800","https://farm2.staticflickr.com/1490/26106660124_4ccb1e58ab_z.jpg"
"26686513916","49.411887","8.708800","https://farm2.staticflickr.com/1580/26686513916_4b0875ac34_z.jpg"
"26106659314","49.411887","8.708800","https://farm2.staticflickr.com/1648/26106659314_cac7f1c8d0_z.jpg"
"26686512626","49.411887","8.708800","https://farm2.staticflickr.com/1511/26686512626_caa0034953_z.jpg"
"26106658504","49.411887","8.708800","https://farm2.staticflickr.com/1594/26106658504_858116341e_z.jpg"
"26686511616","49.411887","8.708800","https://farm2.staticflickr.com/1509/26686511616_14786d2396_z.jpg"
"26686509906","49.411887","8.708800","https://farm2.staticflickr.com/1609/26686509906_da4823662a_z.jpg"
"26686508696","49.411887","8.708800","https://farm2.staticflickr.com/1665/26686508696_8dde2dd639_z.jpg"
"26686507456","49.411887","8.708800","https://farm2.staticflickr.com/1501/26686507456_eb08cb7ae3_z.jpg"
"26686506036","49.411887","8.708800","https://farm2.staticflickr.com/1521/26686506036_1384942632_z.jpg"
"26108930653","49.411887","8.708800","https://farm2.staticflickr.com/1555/26108930653_19859d0575_z.jpg"
"26686503236","49.411887","8.708800","https://farm2.staticflickr.com/1466/26686503236_5dfdcd5bcb_z.jpg"
"26108929003","49.411887","8.708800","https://farm2.staticflickr.com/1496/26108929003_a351fc5315_z.jpg"
"26646559811","49.411887","8.708800","https://farm2.staticflickr.com/1695/26646559811_d5fa843689_z.jpg"
"26108721203","49.412145","8.710409","https://farm2.staticflickr.com/1474/26108721203_7f3ee9a91e_z.jpg"
"26686273866","49.412138","8.709540","https://farm2.staticflickr.com/1579/26686273866_a57faf7e5e_z.jpg"
"26108706523","49.412138","8.709540","https://farm2.staticflickr.com/1511/26108706523_aa501af7d3_z.jpg"
"26712594895","49.409849","8.713617","https://farm2.staticflickr.com/1598/26712594895_7f77f6a553_z.jpg"
"26106430864","49.412913","8.713359","https://farm2.staticflickr.com/1577/26106430864_ef64689d11_z.jpg"
"26619495452","49.412529","8.713617","https://farm2.staticflickr.com/1526/26619495452_680bda908f_z.jpg"
"26619493622","49.412145","8.710409","https://farm2.staticflickr.com/1699/26619493622_fe4e7c5fea_z.jpg"
"26619490152","49.412871","8.709025","https://farm2.staticflickr.com/1663/26619490152_516fffb03b_z.jpg"
"26637419631","49.409869","8.713986","https://farm2.staticflickr.com/1489/26637419631_0e7f4d7a36_z.jpg"
"26430704790","49.409694","8.714558","https://farm2.staticflickr.com/1606/26430704790_e4afd71a76_z.jpg"
"26099403043","49.410530","8.715583","https://farm2.staticflickr.com/1470/26099403043_2d7a16373c_z.jpg"
"26676719756","49.411166","8.707927","https://farm2.staticflickr.com/1501/26676719756_ea16fc2748_z.jpg"
"26610450402","49.411716","8.711616","https://farm2.staticflickr.com/1687/26610450402_dde95f0dac_z.jpg"
"26099382273","49.413547","8.709630","https://farm2.staticflickr.com/1699/26099382273_5a43781479_z.jpg"
"26636225961","49.409869","8.713986","https://farm2.staticflickr.com/1518/26636225961_01593d0182_z.jpg"
"26096412754","49.410377","8.715297","https://farm2.staticflickr.com/1702/26096412754_5248994d62_z.jpg"
"26429572390","49.410419","8.713908","https://farm2.staticflickr.com/1691/26429572390_e961fc52ee_z.jpg"
"26675516506","49.410327","8.714491","https://farm2.staticflickr.com/1674/26675516506_e6978d3a54_z.jpg"
"26607463932","49.419558","8.676280","https://farm2.staticflickr.com/1675/26607463932_6cd8ff7a06_z.jpg"
"26697735945","49.411227","8.714958","https://farm2.staticflickr.com/1542/26697735945_45a8174f69_z.jpg"
"26697427395","49.414169","8.689755","https://farm2.staticflickr.com/1567/26697427395_7f4cae767c_z.jpg"
"26423334710","49.410472","8.715044","https://farm2.staticflickr.com/1549/26423334710_7d5ce960c1_z.jpg"
"26090488794","49.410963","8.707838","https://farm2.staticflickr.com/1469/26090488794_9e8174426a_z.jpg"
"26092102793","49.411463","8.711616","https://farm2.staticflickr.com/1531/26092102793_ab25751c73_z.jpg"
"26423290760","49.409869","8.713986","https://farm2.staticflickr.com/1662/26423290760_f88f09e2ab_z.jpg"
"26629080121","49.410419","8.713908","https://farm2.staticflickr.com/1689/26629080121_1364c3debd_z.jpg"
"26629061511","49.410002","8.714519","https://farm2.staticflickr.com/1515/26629061511_73b7ac82be_z.jpg"
"26088696764","49.410675","8.715311","https://farm2.staticflickr.com/1692/26088696764_64147b9c79_z.jpg"
"26085837824","49.412527","8.710633","https://farm2.staticflickr.com/1671/26085837824_ffcc1c5d81_z.jpg"
"26085740434","49.410927","8.706894","https://farm2.staticflickr.com/1586/26085740434_d4acb4f2a8_z.jpg"
"26663379966","49.413586","8.709636","https://farm2.staticflickr.com/1635/26663379966_149c4f2919_z.jpg"
"26690313875","49.411541","8.711847","https://farm2.staticflickr.com/1717/26690313875_5637859659_z.jpg"
"26661599866","49.409905","8.713994","https://farm2.staticflickr.com/1639/26661599866_a017343366_z.jpg"
"26622399041","49.410386","8.713908","https://farm2.staticflickr.com/1710/26622399041_78a0df5d19_z.jpg"
"26084551743","49.409819","8.714586","https://farm2.staticflickr.com/1692/26084551743_640dde135f_z.jpg"
"26415231170","49.411125","8.715050","https://farm2.staticflickr.com/1711/26415231170_390bcaf92b_z.jpg"
"26084327573","49.411983","8.709488","https://farm2.staticflickr.com/1538/26084327573_c4b4b467f8_z.jpg"
"26084321993","49.411925","8.709322","https://farm2.staticflickr.com/1677/26084321993_be895f7069_z.jpg"
"26622140601","49.409425","8.712580","https://farm2.staticflickr.com/1574/26622140601_dcb9e9ee0e_z.jpg"
"26414946000","49.409977","8.713994","https://farm2.staticflickr.com/1451/26414946000_3a3bf0cc7b_z.jpg"
"26661289336","49.410430","8.714030","https://farm2.staticflickr.com/1488/26661289336_7b231a5191_z.jpg"
"26622122071","49.409766","8.714572","https://farm2.staticflickr.com/1454/26622122071_d381054398_z.jpg"
"26622112181","49.411125","8.715002","https://farm2.staticflickr.com/1480/26622112181_d2baf36596_z.jpg"
"26622104271","49.411213","8.714941","https://farm2.staticflickr.com/1602/26622104271_e858f16bbb_z.jpg"
"26622098401","49.411983","8.709488","https://farm2.staticflickr.com/1562/26622098401_5d164f27e9_z.jpg"
"26661273046","49.413536","8.709650","https://farm2.staticflickr.com/1701/26661273046_3f6650da24_z.jpg"
"26622091111","49.412419","8.712716","https://farm2.staticflickr.com/1610/26622091111_dfb484b390_z.jpg"
"26622086741","49.409200","8.712947","https://farm2.staticflickr.com/1482/26622086741_ff403292b1_z.jpg"
"26622082061","49.409977","8.713994","https://farm2.staticflickr.com/1442/26622082061_1b0e767c5a_z.jpg"
"26661258596","49.410477","8.714091","https://farm2.staticflickr.com/1718/26661258596_f02ea9b329_z.jpg"
"26081191904","49.411213","8.714941","https://farm2.staticflickr.com/1477/26081191904_61e9fa8ea6_z.jpg"
"26687054975","49.413558","8.709655","https://farm2.staticflickr.com/1593/26687054975_e749641549_z.jpg"
"26081185404","49.411975","8.709263","https://farm2.staticflickr.com/1577/26081185404_101a4f5e4f_z.jpg"
"26594002092","49.412300","8.712055","https://farm2.staticflickr.com/1490/26594002092_01a6bfe08f_z.jpg"
"26082893353","49.409977","8.713994","https://farm2.staticflickr.com/1554/26082893353_04d07cc233_z.jpg"
"26593852832","49.410550","8.714224","https://farm2.staticflickr.com/1483/26593852832_77678485c9_z.jpg"
"26082564403","49.411219","8.714930","https://farm2.staticflickr.com/1627/26082564403_877fbc66e1_z.jpg"
"26080553494","49.409694","8.714558","https://farm2.staticflickr.com/1679/26080553494_a24847bc48_z.jpg"
"26620101671","49.411213","8.714941","https://farm2.staticflickr.com/1715/26620101671_b658e83e46_z.jpg"
"26686125265","49.411808","8.708594","https://farm2.staticflickr.com/1478/26686125265_3b9fe954f1_z.jpg"
"26080260404","49.411913","8.711397","https://farm2.staticflickr.com/1496/26080260404_d3dcbd68a5_z.jpg"
"26686103575","49.413558","8.709652","https://farm2.staticflickr.com/1718/26686103575_2d6575c84b_z.jpg"
"26070828843","49.409930","8.689440","https://farm2.staticflickr.com/1605/26070828843_970cfc493b_z.jpg"
"26059832683","49.419200","8.673725","https://farm2.staticflickr.com/1463/26059832683_19f79e152d_z.jpg"
"26595872911","49.414169","8.689755","https://farm2.staticflickr.com/1688/26595872911_e1fa279794_z.jpg"
"26627899716","49.409891","8.693490","https://farm2.staticflickr.com/1678/26627899716_b051f4195c_z.jpg"
"26550136612","49.411824","8.708274","https://farm2.staticflickr.com/1579/26550136612_90cfd04334_z.jpg"
"26610312416","49.410659","8.698672","https://farm2.staticflickr.com/1710/26610312416_c39aa36eea_z.jpg"
"26030293364","49.412264","8.707888","https://farm2.staticflickr.com/1611/26030293364_4e4cffd818_z.jpg"
"26634960035","49.412271","8.708574","https://farm2.staticflickr.com/1590/26634960035_4fed0403a7_z.jpg"
"26606406696","49.411922","8.711450","https://farm2.staticflickr.com/1473/26606406696_f3a1bbf160_z.jpg"
"26017743773","49.409716","8.693833","https://farm2.staticflickr.com/1575/26017743773_652bdec77d_z.jpg"
"26618177905","49.414072","8.697191","https://farm2.staticflickr.com/1651/26618177905_053e33bcd4_z.jpg"
"26549494961","49.414805","8.662172","https://farm2.staticflickr.com/1660/26549494961_9873dcae3c_z.jpg"
"26588899886","49.414805","8.662172","https://farm2.staticflickr.com/1548/26588899886_0dee7d89fa_z.jpg"
"26325842910","49.409492","8.706409","https://farm2.staticflickr.com/1556/26325842910_ea845cde11_z.jpg"
"25993552374","49.411226","8.703842","https://farm2.staticflickr.com/1512/25993552374_0f87f67620_z.jpg"
"26532863971","49.414906","8.697188","https://farm2.staticflickr.com/1598/26532863971_d99dd9f41a_z.jpg"
"26572372406","49.416145","8.703723","https://farm2.staticflickr.com/1622/26572372406_5037684941_z.jpg"
"26324748690","49.416954","8.708450","https://farm2.staticflickr.com/1642/26324748690_2e3b0f44ae_z.jpg"
"26531936361","49.416962","8.708555","https://farm2.staticflickr.com/1549/26531936361_836fdea226_z.jpg"
"25992261654","49.416862","8.708854","https://farm2.staticflickr.com/1582/25992261654_e3fe0292a7_z.jpg"
"26597489475","49.416862","8.708854","https://farm2.staticflickr.com/1528/26597489475_6a6fbabea9_z.jpg"
"26597029735","49.412064","8.709140","https://farm2.staticflickr.com/1509/26597029735_a87205c788_z.jpg"
"26503730132","49.412113","8.709270","https://farm2.staticflickr.com/1551/26503730132_4525059414_z.jpg"
"26596400865","49.412113","8.709270","https://farm2.staticflickr.com/1525/26596400865_31c8331ea4_z.jpg"
"26530405981","49.412113","8.709270","https://farm2.staticflickr.com/1596/26530405981_81d671e597_z.jpg"
"26530226281","49.412128","8.709372","https://farm2.staticflickr.com/1694/26530226281_cc83f93af2_z.jpg"
"26569858346","49.411541","8.709124","https://farm2.staticflickr.com/1595/26569858346_f7f73e85d3_z.jpg"
"25992491293","49.412022","8.710808","https://farm2.staticflickr.com/1617/25992491293_910626f5e8_z.jpg"
"25992315943","49.408996","8.712985","https://farm2.staticflickr.com/1690/25992315943_58e96c2022_z.jpg"
"26502487782","49.406994","8.714899","https://farm2.staticflickr.com/1658/26502487782_e9d39e048f_z.jpg"
"26502379442","49.407566","8.714463","https://farm2.staticflickr.com/1686/26502379442_654a3dc7fc_z.jpg"
"26528857781","49.408413","8.713537","https://farm2.staticflickr.com/1628/26528857781_b00693d669_z.jpg"
"26502159452","49.411820","8.707352","https://farm2.staticflickr.com/1681/26502159452_23ebdb9e2a_z.jpg"
"25989370244","49.410126","8.716750","https://farm2.staticflickr.com/1671/25989370244_2f21e37691_z.jpg"
"26501839552","49.410084","8.716528","https://farm2.staticflickr.com/1482/26501839552_6fba8a43bb_z.jpg"
"25991239473","49.410892","8.715583","https://farm2.staticflickr.com/1542/25991239473_8955bdd18d_z.jpg"
"25989196574","49.410892","8.715583","https://farm2.staticflickr.com/1491/25989196574_7fd20141c2_z.jpg"
"26501468372","49.410835","8.715368","https://farm2.staticflickr.com/1496/26501468372_fe85365053_z.jpg"
"26320941020","49.410526","8.715092","https://farm2.staticflickr.com/1590/26320941020_8e11ff2c93_z.jpg"
"26567654646","49.411392","8.716437","https://farm2.staticflickr.com/1715/26567654646_9cedf2123c_z.jpg"
"26320600330","49.411240","8.715606","https://farm2.staticflickr.com/1682/26320600330_132ef136f2_z.jpg"
"26501087692","49.410759","8.715394","https://farm2.staticflickr.com/1601/26501087692_a2934d4611_z.jpg"
"26527725931","49.410435","8.715300","https://farm2.staticflickr.com/1627/26527725931_e7ceb5eabe_z.jpg"
"26320424840","49.410429","8.715337","https://farm2.staticflickr.com/1596/26320424840_23a7fed4dd_z.jpg"
"26567245686","49.410366","8.715393","https://farm2.staticflickr.com/1625/26567245686_371e12b3c2_z.jpg"
"26593353455","49.410758","8.715502","https://farm2.staticflickr.com/1555/26593353455_36478a232b_z.jpg"
"26320111860","49.410759","8.715502","https://farm2.staticflickr.com/1519/26320111860_07c50c021c_z.jpg"
"25988074584","49.410759","8.715502","https://farm2.staticflickr.com/1612/25988074584_afa077fcc3_z.jpg"
"26527225021","49.411171","8.714667","https://farm2.staticflickr.com/1686/26527225021_ec3365935a_z.jpg"
"26500509132","49.411179","8.714875","https://farm2.staticflickr.com/1591/26500509132_b1bcf5475c_z.jpg"
"26566809106","49.411087","8.715192","https://farm2.staticflickr.com/1655/26566809106_a33a492e6b_z.jpg"
"25989845893","49.411755","8.715019","https://farm2.staticflickr.com/1675/25989845893_a9e0e94bf8_z.jpg"
"26500368622","49.411514","8.714682","https://farm2.staticflickr.com/1539/26500368622_6520a21ed6_z.jpg"
"25987528304","49.410900","8.712415","https://farm2.staticflickr.com/1673/25987528304_3a667198b3_z.jpg"
"26499819112","49.416761","8.692122","https://farm2.staticflickr.com/1493/26499819112_78451be822_z.jpg"
"26300532870","49.412215","8.707437","https://farm2.staticflickr.com/1585/26300532870_28a84a4f24_z.jpg"
"26557485125","49.412034","8.710516","https://farm2.staticflickr.com/1668/26557485125_ab9cbbf06b_z.jpg"
"26282024320","49.413255","8.694251","https://farm2.staticflickr.com/1563/26282024320_fb20dc1c2c_z.jpg"
"26488292571","49.416396","8.704261","https://farm2.staticflickr.com/1461/26488292571_40c9148bcb_z.jpg"
"25932257124","49.415831","8.702555","https://farm2.staticflickr.com/1648/25932257124_0008c8ec95_z.jpg"
"26264356140","49.416641","8.705120","https://farm2.staticflickr.com/1570/26264356140_55b93e2861_z.jpg"
"25934325743","49.416641","8.705120","https://farm2.staticflickr.com/1579/25934325743_2cce9f566c_z.jpg"
"26471151451","49.416641","8.705120","https://farm2.staticflickr.com/1567/26471151451_421510cc9c_z.jpg"
"26264355000","49.415335","8.700989","https://farm2.staticflickr.com/1637/26264355000_0f646692a7_z.jpg"
"26470653471","49.409130","8.676841","https://farm2.staticflickr.com/1590/26470653471_a7e989f0ee_z.jpg"
"26533810785","49.406691","8.691775","https://farm2.staticflickr.com/1510/26533810785_d469b4fcd2_z.jpg"
"26260947960","49.406708","8.691808","https://farm2.staticflickr.com/1637/26260947960_2c8f8ba2a4_z.jpg"
"26260947930","49.406705","8.691791","https://farm2.staticflickr.com/1476/26260947930_62030d3292_z.jpg"
"25928846064","49.406708","8.691808","https://farm2.staticflickr.com/1463/25928846064_3ed0f4b0eb_z.jpg"
"26441478192","49.406680","8.691822","https://farm2.staticflickr.com/1496/26441478192_610d75e948_z.jpg"
"26260947860","49.406680","8.691816","https://farm2.staticflickr.com/1688/26260947860_aebc6eeb0f_z.jpg"
"26533808535","49.406761","8.691800","https://farm2.staticflickr.com/1472/26533808535_b27e50b283_z.jpg"
"26533808435","49.406691","8.691775","https://farm2.staticflickr.com/1441/26533808435_84ae67ea61_z.jpg"
"26507835606","49.406691","8.691775","https://farm2.staticflickr.com/1547/26507835606_7d4be64a55_z.jpg"
"26441478182","49.406680","8.691822","https://farm2.staticflickr.com/1710/26441478182_ecfebc67a4_z.jpg"
"25930912723","49.406702","8.691802","https://farm2.staticflickr.com/1576/25930912723_ef87ef720f_z.jpg"
"26507835676","49.406680","8.691822","https://farm2.staticflickr.com/1546/26507835676_b8bc3c88b0_z.jpg"
"26467734151","49.406680","8.691816","https://farm2.staticflickr.com/1546/26467734151_857eb23149_z.jpg"
"26441478072","49.406702","8.691802","https://farm2.staticflickr.com/1689/26441478072_b1fbf84612_z.jpg"
"26467734171","49.406680","8.691816","https://farm2.staticflickr.com/1621/26467734171_41884dbae0_z.jpg"
"26467733931","49.406702","8.691802","https://farm2.staticflickr.com/1566/26467733931_06f44dc2fa_z.jpg"
"26533808115","49.406708","8.691880","https://farm2.staticflickr.com/1447/26533808115_9a4fa9a846_z.jpg"
"26441478002","49.406702","8.691802","https://farm2.staticflickr.com/1662/26441478002_917517e603_z.jpg"
"26260947510","49.406755","8.691872","https://farm2.staticflickr.com/1590/26260947510_9e2cd9ba6c_z.jpg"
"25930912563","49.406708","8.691880","https://farm2.staticflickr.com/1699/25930912563_cb3525a757_z.jpg"
"25930912453","49.406744","8.691886","https://farm2.staticflickr.com/1599/25930912453_0f8cfa335a_z.jpg"
"26533807995","49.406744","8.691886","https://farm2.staticflickr.com/1679/26533807995_fa81058787_z.jpg"
"26533810805","49.411947","8.714341","https://farm2.staticflickr.com/1685/26533810805_0d9fabdfb9_z.jpg"
"26441480752","49.411369","8.714805","https://farm2.staticflickr.com/1588/26441480752_48962f5b52_z.jpg"
"26260948170","49.411947","8.714341","https://farm2.staticflickr.com/1606/26260948170_6f836b333c_z.jpg"
"26507835896","49.413788","8.708966","https://farm2.staticflickr.com/1719/26507835896_1a11845ea4_z.jpg"
"25928846334","49.410444","8.715358","https://farm2.staticflickr.com/1461/25928846334_cde0c14fdd_z.jpg"
"26533808835","49.411494","8.714799","https://farm2.staticflickr.com/1457/26533808835_7cebb9a588_z.jpg"
"26441478842","49.413444","8.709466","https://farm2.staticflickr.com/1446/26441478842_4cab74d740_z.jpg"
"25930913363","49.410247","8.715547","https://farm2.staticflickr.com/1540/25930913363_0e1326dbd1_z.jpg"
"26260948090","49.410608","8.715577","https://farm2.staticflickr.com/1709/26260948090_efe75d58c0_z.jpg"
"25928846394","49.410608","8.715577","https://farm2.staticflickr.com/1594/25928846394_7253725bd2_z.jpg"
"25930913343","49.411494","8.714799","https://farm2.staticflickr.com/1482/25930913343_ea7330c200_z.jpg"
"26441478522","49.413519","8.709577","https://farm2.staticflickr.com/1663/26441478522_624e9e06f6_z.jpg"
"26467734301","49.406774","8.691869","https://farm2.staticflickr.com/1696/26467734301_0a51197b8e_z.jpg"
"25930913063","49.406774","8.691869","https://farm2.staticflickr.com/1646/25930913063_fcbd8d4070_z.jpg"
"26507835856","49.413519","8.709577","https://farm2.staticflickr.com/1605/26507835856_f735664591_z.jpg"
"26467734271","49.406774","8.691869","https://farm2.staticflickr.com/1558/26467734271_033c45963c_z.jpg"
"26500101746","49.410289","8.696472","https://farm2.staticflickr.com/1614/26500101746_05ac46ba51_z.jpg"
"26525060655","49.416913","8.706235","https://farm2.staticflickr.com/1626/26525060655_d5994331b6_z.jpg"
"26430718372","49.415119","8.700023","https://farm2.staticflickr.com/1499/26430718372_295a9e1572_z.jpg"
"25906469273","49.410470","8.714346","https://farm2.staticflickr.com/1622/25906469273_db508ab380_z.jpg"
"26443149131","49.413416","8.709411","https://farm2.staticflickr.com/1660/26443149131_b116454c29_z.jpg"
"26479801076","49.409700","8.705830","https://farm2.staticflickr.com/1568/26479801076_71b78190d2_z.jpg"
"26500671815","49.415719","8.709057","https://farm2.staticflickr.com/1691/26500671815_6d85693109_z.jpg"
"26474725166","49.416501","8.704637","https://farm2.staticflickr.com/1542/26474725166_4eace31876_z.jpg"
"26408351312","49.417010","8.708714","https://farm2.staticflickr.com/1506/26408351312_712b6b095a_z.jpg"
"25895776334","49.417010","8.708714","https://farm2.staticflickr.com/1599/25895776334_5016631415_z.jpg"
"25883400084","49.415272","8.709154","https://farm2.staticflickr.com/1550/25883400084_f574912617_z.jpg"
"26395262662","49.416648","8.705130","https://farm2.staticflickr.com/1492/26395262662_2687350bea_z.jpg"
"26213616380","49.413399","8.707669","https://farm2.staticflickr.com/1663/26213616380_f07a79f7e5_z.jpg"
"25880936984","49.416648","8.705130","https://farm2.staticflickr.com/1491/25880936984_f6d778f17b_z.jpg"
"26479115295","49.411622","8.705577","https://farm2.staticflickr.com/1620/26479115295_21cda10f32_z.jpg"
"25874235384","49.411888","8.709900","https://farm2.staticflickr.com/1629/25874235384_a0bc9a6b90_z.jpg"
"26479015115","49.412080","8.710786","https://farm2.staticflickr.com/1525/26479015115_3ba01628e1_z.jpg"
"25875493363","49.409588","8.691983","https://farm2.staticflickr.com/1571/25875493363_b9b6122051_z.jpg"
"25874497583","49.415740","8.709089","https://farm2.staticflickr.com/1693/25874497583_dec0884108_z.jpg"
"25874496923","49.416836","8.706085","https://farm2.staticflickr.com/1606/25874496923_64c52f521b_z.jpg"
"25872465154","49.416836","8.706085","https://farm2.staticflickr.com/1598/25872465154_4096293bf4_z.jpg"
"26477330405","49.416620","8.709057","https://farm2.staticflickr.com/1479/26477330405_9e273fa6cb_z.jpg"
"26385028632","49.416620","8.709057","https://farm2.staticflickr.com/1611/26385028632_1d112b651b_z.jpg"
"26385027902","49.415147","8.709186","https://farm2.staticflickr.com/1444/26385027902_7efbe67f21_z.jpg"
"26467176235","49.416696","8.705377","https://farm2.staticflickr.com/1488/26467176235_8940c7002f_z.jpg"
"25861475703","49.412613","8.709561","https://farm2.staticflickr.com/1542/25861475703_dac8c42e97_z.jpg"
"25857267243","49.411186","8.714870","https://farm2.staticflickr.com/1698/25857267243_a3b9ceba49_z.jpg"
"26186718840","49.414016","8.709497","https://farm2.staticflickr.com/1545/26186718840_47a4ef21a2_z.jpg"
"26424529956","49.415286","8.708918","https://farm2.staticflickr.com/1633/26424529956_78b784b9fa_z.jpg"
"26415546466","49.412200","8.710000","https://farm2.staticflickr.com/1617/26415546466_a261c48d7a_z.jpg"
"25829544733","49.410747","8.715322","https://farm2.staticflickr.com/1639/25829544733_843f50905e_z.jpg"
"25829542753","49.410750","8.715413","https://farm2.staticflickr.com/1499/25829542753_71cb11ed8c_z.jpg"
"26406414456","49.411013","8.714802","https://farm2.staticflickr.com/1502/26406414456_de27560f15_z.jpg"
"26406414136","49.410925","8.714786","https://farm2.staticflickr.com/1637/26406414136_4bed06ea68_z.jpg"
"26366166691","49.410925","8.714786","https://farm2.staticflickr.com/1627/26366166691_2b086957aa_z.jpg"
"25827482664","49.410925","8.714786","https://farm2.staticflickr.com/1460/25827482664_a46b73f4ab_z.jpg"
"26432329175","49.410911","8.714788","https://farm2.staticflickr.com/1681/26432329175_6d88ba7986_z.jpg"
"26406385816","49.410516","8.714841","https://farm2.staticflickr.com/1496/26406385816_5613895f28_z.jpg"
"25827464444","49.411241","8.714988","https://farm2.staticflickr.com/1700/25827464444_15d1f86827_z.jpg"
"26366134071","49.411238","8.714991","https://farm2.staticflickr.com/1698/26366134071_4f86a81f51_z.jpg"
"25824295763","49.410889","8.701643","https://farm2.staticflickr.com/1709/25824295763_9454c7c538_z.jpg"
"26396424266","49.410339","8.714545","https://farm2.staticflickr.com/1672/26396424266_383be9f6ce_z.jpg"
"26342622111","49.412036","8.684694","https://farm2.staticflickr.com/1659/26342622111_54c109806c_z.jpg"
"26135948750","49.412425","8.692744","https://farm2.staticflickr.com/1628/26135948750_34a8dec24d_z.jpg"
"25803896024","49.407875","8.676236","https://farm2.staticflickr.com/1447/25803896024_6ede87b712_z.jpg"
"26362102906","49.412200","8.710000","https://farm2.staticflickr.com/1696/26362102906_0aa5f86807_z.jpg"
"25762701024","49.410393","8.714003","https://farm2.staticflickr.com/1511/25762701024_e8cc4c4df5_z.jpg"
"26307692986","49.415269","8.710905","https://farm2.staticflickr.com/1458/26307692986_ac5d5c8e64_z.jpg"
"26333627135","49.426130","8.676697","https://farm2.staticflickr.com/1618/26333627135_6386f88cd5_z.jpg"
"26050038320","49.412215","8.717919","https://farm2.staticflickr.com/1473/26050038320_fa0422b5fc_z.jpg"
"26222087501","49.412090","8.709207","https://farm2.staticflickr.com/1526/26222087501_7df425a1b8_z.jpg"
"26274796165","49.418947","8.673208","https://farm2.staticflickr.com/1519/26274796165_02c27bf17a_z.jpg"
"25977949880","49.412090","8.709207","https://farm2.staticflickr.com/1523/25977949880_18ee3b3ecd_z.jpg"
"25972991890","49.412160","8.709981","https://farm2.staticflickr.com/1645/25972991890_92da530dd0_z.jpg"
"26215447646","49.413681","8.677203","https://farm2.staticflickr.com/1462/26215447646_4a38398b3f_z.jpg"
"25636149894","49.411944","8.709444","https://farm2.staticflickr.com/1639/25636149894_77a8e6338c_z.jpg"
"26174638701","49.411944","8.710277","https://farm2.staticflickr.com/1549/26174638701_28926053c6_z.jpg"
"25638250553","49.411944","8.709722","https://farm2.staticflickr.com/1547/25638250553_69c7de8c35_z.jpg"
"26240922795","49.411944","8.710555","https://farm2.staticflickr.com/1580/26240922795_acaa7c092d_z.jpg"
"25968033530","49.413611","8.709444","https://farm2.staticflickr.com/1706/25968033530_e6ff57eb4e_z.jpg"
"26214980916","49.413888","8.709444","https://farm2.staticflickr.com/1445/26214980916_ccf86c65a1_z.jpg"
"25636139244","49.413888","8.709444","https://farm2.staticflickr.com/1629/25636139244_2ce0d29b07_z.jpg"
"25638241203","49.414444","8.709444","https://farm2.staticflickr.com/1617/25638241203_48651e402c_z.jpg"
"25636135934","49.414166","8.709722","https://farm2.staticflickr.com/1568/25636135934_037f52ab3f_z.jpg"
"26148457612","49.414722","8.709444","https://farm2.staticflickr.com/1576/26148457612_558fac51cc_z.jpg"
"25636133374","49.415000","8.709722","https://farm2.staticflickr.com/1468/25636133374_b86a6ac9b1_z.jpg"
"26240909465","49.415000","8.709166","https://farm2.staticflickr.com/1538/26240909465_2560ec5455_z.jpg"
"26214970726","49.415000","8.709722","https://farm2.staticflickr.com/1480/26214970726_9fb96a27ac_z.jpg"
"26240906585","49.415000","8.709166","https://farm2.staticflickr.com/1660/26240906585_5d5de2d0e3_z.jpg"
"26214968626","49.415277","8.709166","https://farm2.staticflickr.com/1624/26214968626_4dbdc7306b_z.jpg"
"26192438906","49.411158","8.700536","https://farm2.staticflickr.com/1720/26192438906_a6721984ac_z.jpg"
"26123981002","49.414150","8.669358","https://farm2.staticflickr.com/1509/26123981002_8050cc63f9_z.jpg"
"25943231270","49.410962","8.700568","https://farm2.staticflickr.com/1512/25943231270_c5b293e12b_z.jpg"
"25943228570","49.410962","8.700568","https://farm2.staticflickr.com/1523/25943228570_64ceb72aaa_z.jpg"
"25943226620","49.411810","8.707759","https://farm2.staticflickr.com/1680/25943226620_13d9a24cff_z.jpg"
"26190172976","49.411856","8.709344","https://farm2.staticflickr.com/1541/26190172976_b781dd4573_z.jpg"
"26216092255","49.412149","8.718045","https://farm2.staticflickr.com/1627/26216092255_e36509e4c3_z.jpg"
"25611322464","49.412149","8.718045","https://farm2.staticflickr.com/1517/25611322464_910339dea6_z.jpg"
"26149773631","49.412149","8.718045","https://farm2.staticflickr.com/1601/26149773631_78157c2eaf_z.jpg"
"26190145306","49.412149","8.718045","https://farm2.staticflickr.com/1525/26190145306_a959eb001f_z.jpg"
"25613399923","49.412149","8.718045","https://farm2.staticflickr.com/1516/25613399923_e13245e799_z.jpg"
"26190135276","49.412149","8.718045","https://farm2.staticflickr.com/1585/26190135276_bcda0a8b7f_z.jpg"
"26123586012","49.412149","8.718045","https://farm2.staticflickr.com/1580/26123586012_8b56730a5a_z.jpg"
"26216044445","49.410058","8.717340","https://farm2.staticflickr.com/1559/26216044445_6ab3fee17e_z.jpg"
"26207899995","49.404718","8.676978","https://farm2.staticflickr.com/1476/26207899995_4812ca5942_z.jpg"
"25604352573","49.402816","8.691946","https://farm2.staticflickr.com/1446/25604352573_8d33758bc6_z.jpg"
"26148870296","49.411641","8.706066","https://farm2.staticflickr.com/1501/26148870296_09c61114ab_z.jpg"
"26148868696","49.411641","8.706066","https://farm2.staticflickr.com/1484/26148868696_3f58c4b1ea_z.jpg"
"25901969110","49.411641","8.706066","https://farm2.staticflickr.com/1649/25901969110_ce8d07b3c2_z.jpg"
"26108471431","49.413630","8.709566","https://farm2.staticflickr.com/1618/26108471431_057259c962_z.jpg"
"25570058924","49.415136","8.709283","https://farm2.staticflickr.com/1638/25570058924_a0d93211fe_z.jpg"
"26035915431","49.413709","8.710366","https://farm2.staticflickr.com/1620/26035915431_6c7b799dc4_z.jpg"
"26066802976","49.411869","8.705261","https://farm2.staticflickr.com/1441/26066802976_92dcea88a3_z.jpg"
"25997811922","49.413385","8.701799","https://farm2.staticflickr.com/1631/25997811922_96d499e6d7_z.jpg"
"25474539633","49.412200","8.710000","https://farm2.staticflickr.com/1686/25474539633_682b1961a4_z.jpg"
"25442232004","49.411772","8.708840","https://farm2.staticflickr.com/1492/25442232004_613a06ccee_z.jpg"
"26029593875","49.416766","8.708847","https://farm2.staticflickr.com/1621/26029593875_6791649114_z.jpg"
"25937041822","49.415177","8.708933","https://farm2.staticflickr.com/1634/25937041822_f30a909766_z.jpg"
"25400870773","49.417202","8.707572","https://farm2.staticflickr.com/1572/25400870773_4d9a5a3bdd_z.jpg"
"25894455682","49.413322","8.663808","https://farm2.staticflickr.com/1530/25894455682_a6879ef383_z.jpg"
"26005297995","49.403997","8.727208","https://farm2.staticflickr.com/1585/26005297995_5385ede43d_z.jpg"
"25362193513","49.403997","8.727208","https://farm2.staticflickr.com/1592/25362193513_0f06b0d004_z.jpg"
"25895961181","49.403997","8.727208","https://farm2.staticflickr.com/1720/25895961181_2758866684_z.jpg"
"25357814674","49.410889","8.701643","https://farm2.staticflickr.com/1666/25357814674_ea70217d94_z.jpg"
"25983866355","49.403997","8.727208","https://farm2.staticflickr.com/1530/25983866355_165f0421eb_z.jpg"
"25863063042","49.403997","8.727208","https://farm2.staticflickr.com/1639/25863063042_3631e48d0d_z.jpg"
"25888905511","49.403997","8.727208","https://farm2.staticflickr.com/1716/25888905511_224c466d83_z.jpg"
"25683299250","49.403997","8.727208","https://farm2.staticflickr.com/1456/25683299250_25c0d0bb71_z.jpg"
"25341951573","49.413322","8.663808","https://farm2.staticflickr.com/1602/25341951573_6b499582ac_z.jpg"
"25823145712","49.413997","8.661544","https://farm2.staticflickr.com/1479/25823145712_688d7609a0_z.jpg"
"25814275432","49.410129","8.695533","https://farm2.staticflickr.com/1492/25814275432_181516cfc8_z.jpg"
"25814106272","49.417522","8.698211","https://farm2.staticflickr.com/1639/25814106272_2f8a5bbc74_z.jpg"
"25787704692","49.413644","8.709591","https://farm2.staticflickr.com/1629/25787704692_0d5d4d9b1a_z.jpg"
"25275743484","49.412652","8.709661","https://farm2.staticflickr.com/1532/25275743484_30e9eb95c6_z.jpg"
"25787680022","49.411830","8.711516","https://farm2.staticflickr.com/1460/25787680022_744eb9b2e7_z.jpg"
"25279725813","49.412627","8.709650","https://farm2.staticflickr.com/1501/25279725813_2583434516_z.jpg"
"25882539096","49.412680","8.709666","https://farm2.staticflickr.com/1476/25882539096_b1eb1eda0b_z.jpg"
"25270229254","49.414609","8.662228","https://farm2.staticflickr.com/1592/25270229254_ec17dccffa_z.jpg"
"25270228424","49.414609","8.662228","https://farm2.staticflickr.com/1567/25270228424_03fc19d1a3_z.jpg"
"25782176472","49.414609","8.662228","https://farm2.staticflickr.com/1483/25782176472_06c38cd82c_z.jpg"
"25782175772","49.414609","8.662228","https://farm2.staticflickr.com/1584/25782175772_91ea5f47c6_z.jpg"
"25602374480","49.414609","8.662228","https://farm2.staticflickr.com/1711/25602374480_b1ee00013a_z.jpg"
"25274240643","49.414609","8.662228","https://farm2.staticflickr.com/1702/25274240643_77ff91677c_z.jpg"
"25274239143","49.414609","8.662228","https://farm2.staticflickr.com/1461/25274239143_8dd720fc7e_z.jpg"
"25877059916","49.414609","8.662228","https://farm2.staticflickr.com/1568/25877059916_ddd34b3c76_z.jpg"
"25270219964","49.414609","8.662228","https://farm2.staticflickr.com/1708/25270219964_ec6fb0c363_z.jpg"
"25807994341","49.414609","8.662228","https://farm2.staticflickr.com/1699/25807994341_44411b2e32_z.jpg"
"25877056746","49.414609","8.662228","https://farm2.staticflickr.com/1488/25877056746_32bc9e527e_z.jpg"
"25274231983","49.414609","8.662228","https://farm2.staticflickr.com/1607/25274231983_a6df02ea08_z.jpg"
"25270214794","49.414609","8.662228","https://farm2.staticflickr.com/1508/25270214794_e67e8eb4c6_z.jpg"
"25602362880","49.414609","8.662228","https://farm2.staticflickr.com/1525/25602362880_7e4594aa5c_z.jpg"
"25877051336","49.414609","8.662228","https://farm2.staticflickr.com/1624/25877051336_f138a8cf91_z.jpg"
"25877050886","49.414609","8.662228","https://farm2.staticflickr.com/1597/25877050886_24d17bb7fa_z.jpg"
"25782160732","49.414609","8.662228","https://farm2.staticflickr.com/1611/25782160732_a425ceb1f5_z.jpg"
"25602359380","49.414609","8.662228","https://farm2.staticflickr.com/1480/25602359380_ff906f16f4_z.jpg"
"25807983991","49.414609","8.662228","https://farm2.staticflickr.com/1567/25807983991_5e512bfb56_z.jpg"
"25877046016","49.414609","8.662228","https://farm2.staticflickr.com/1481/25877046016_a9ccd4bbfe_z.jpg"
"25807981491","49.414609","8.662228","https://farm2.staticflickr.com/1516/25807981491_92b9b4aace_z.jpg"
"25807980191","49.414609","8.662228","https://farm2.staticflickr.com/1490/25807980191_7c489c2b5f_z.jpg"
"25602351670","49.414609","8.662228","https://farm2.staticflickr.com/1473/25602351670_b4fc39495e_z.jpg"
"25270202124","49.414609","8.662228","https://farm2.staticflickr.com/1564/25270202124_f7413e364b_z.jpg"
"25902920475","49.414609","8.662228","https://farm2.staticflickr.com/1625/25902920475_2e841deb98_z.jpg"
"25270199494","49.414609","8.662228","https://farm2.staticflickr.com/1655/25270199494_196275fe61_z.jpg"
"25602346400","49.414609","8.662228","https://farm2.staticflickr.com/1673/25602346400_bb49a5d97f_z.jpg"
"25274213473","49.414609","8.662228","https://farm2.staticflickr.com/1623/25274213473_90effbba27_z.jpg"
"25877033796","49.414609","8.662228","https://farm2.staticflickr.com/1692/25877033796_f0a0c92c4d_z.jpg"
"25902914805","49.414609","8.662228","https://farm2.staticflickr.com/1557/25902914805_c6737be134_z.jpg"
"25807968971","49.414609","8.662228","https://farm2.staticflickr.com/1458/25807968971_d916fb40a6_z.jpg"
"25274209693","49.414609","8.662228","https://farm2.staticflickr.com/1450/25274209693_1b3e6b8c19_z.jpg"
"25270193204","49.414609","8.662228","https://farm2.staticflickr.com/1582/25270193204_21af559a3a_z.jpg"
"25807965051","49.414609","8.662228","https://farm2.staticflickr.com/1557/25807965051_8074c37ae0_z.jpg"
"25274206423","49.414609","8.662228","https://farm2.staticflickr.com/1670/25274206423_05c1452cc6_z.jpg"
"25877026126","49.414609","8.662228","https://farm2.staticflickr.com/1708/25877026126_6d667cd9cd_z.jpg"
"25602336350","49.414609","8.662228","https://farm2.staticflickr.com/1709/25602336350_e8f7209a6a_z.jpg"
"25270187104","49.414609","8.662228","https://farm2.staticflickr.com/1520/25270187104_54bef51bbf_z.jpg"
"25270186004","49.414609","8.662228","https://farm2.staticflickr.com/1628/25270186004_fd5b50fa5a_z.jpg"
"25602332120","49.414609","8.662228","https://farm2.staticflickr.com/1527/25602332120_7836122a92_z.jpg"
"25274199543","49.414609","8.662228","https://farm2.staticflickr.com/1578/25274199543_dc7bb10e04_z.jpg"
"25602329190","49.414609","8.662228","https://farm2.staticflickr.com/1699/25602329190_d24a5c673e_z.jpg"
"25270180824","49.414609","8.662228","https://farm2.staticflickr.com/1486/25270180824_d56ff73e51_z.jpg"
"25270179804","49.414609","8.662228","https://farm2.staticflickr.com/1622/25270179804_13d3523288_z.jpg"
"25270178934","49.414609","8.662228","https://farm2.staticflickr.com/1664/25270178934_359f664490_z.jpg"
"25270177624","49.414609","8.662228","https://farm2.staticflickr.com/1482/25270177624_4b9efe51e0_z.jpg"
"25877013876","49.414609","8.662228","https://farm2.staticflickr.com/1502/25877013876_7a8f08b3c7_z.jpg"
"25270175404","49.414609","8.662228","https://farm2.staticflickr.com/1699/25270175404_28cb0b008b_z.jpg"
"25602323410","49.414609","8.662228","https://farm2.staticflickr.com/1705/25602323410_88d361f5ed_z.jpg"
"25602321110","49.414609","8.662228","https://farm2.staticflickr.com/1481/25602321110_08db3d5b50_z.jpg"
"25602319500","49.414609","8.662228","https://farm2.staticflickr.com/1582/25602319500_fa0872ea80_z.jpg"
"25807945091","49.414609","8.662228","https://farm2.staticflickr.com/1563/25807945091_188ff83181_z.jpg"
"25602317870","49.414609","8.662228","https://farm2.staticflickr.com/1458/25602317870_ed5e220128_z.jpg"
"25274184453","49.414609","8.662228","https://farm2.staticflickr.com/1462/25274184453_dc7fb8a88a_z.jpg"
"25877005626","49.414609","8.662228","https://farm2.staticflickr.com/1690/25877005626_5170c2611e_z.jpg"
"25782115762","49.414609","8.662228","https://farm2.staticflickr.com/1458/25782115762_61391eea13_z.jpg"
"25877003706","49.414609","8.662228","https://farm2.staticflickr.com/1480/25877003706_4329ca33d3_z.jpg"
"25877002076","49.414609","8.662228","https://farm2.staticflickr.com/1628/25877002076_a002c18c9a_z.jpg"
"25602310730","49.414609","8.662228","https://farm2.staticflickr.com/1712/25602310730_2b131efc20_z.jpg"
"25602309740","49.414609","8.662228","https://farm2.staticflickr.com/1548/25602309740_9ab2b1910a_z.jpg"
"25270160194","49.414609","8.662228","https://farm2.staticflickr.com/1612/25270160194_bd9ed6ff19_z.jpg"
"25274173463","49.414609","8.662228","https://farm2.staticflickr.com/1592/25274173463_f84a444e5c_z.jpg"
"25274172823","49.414609","8.662228","https://farm2.staticflickr.com/1478/25274172823_6605605fa5_z.jpg"
"25270157864","49.414609","8.662228","https://farm2.staticflickr.com/1644/25270157864_7acd635f12_z.jpg"
"25807930171","49.414609","8.662228","https://farm2.staticflickr.com/1674/25807930171_96dfd36e66_z.jpg"
"25782103802","49.414609","8.662228","https://farm2.staticflickr.com/1622/25782103802_7c3e44c166_z.jpg"
"25807927961","49.414609","8.662228","https://farm2.staticflickr.com/1589/25807927961_84a770a7e7_z.jpg"
"25782102012","49.414609","8.662228","https://farm2.staticflickr.com/1592/25782102012_4398e4a073_z.jpg"
"25782101052","49.414609","8.662228","https://farm2.staticflickr.com/1670/25782101052_3c28f9e742_z.jpg"
"25602299700","49.414609","8.662228","https://farm2.staticflickr.com/1521/25602299700_f1b597c0d2_z.jpg"
"25270150584","49.414609","8.662228","https://farm2.staticflickr.com/1536/25270150584_20ef35a9b6_z.jpg"
"25270149594","49.414609","8.662228","https://farm2.staticflickr.com/1683/25270149594_8c7fd13d50_z.jpg"
"25807921751","49.414609","8.662228","https://farm2.staticflickr.com/1699/25807921751_1c35a8e54c_z.jpg"
"25902866175","49.414609","8.662228","https://farm2.staticflickr.com/1506/25902866175_4f62f7187c_z.jpg"
"25807919721","49.414609","8.662228","https://farm2.staticflickr.com/1684/25807919721_4eb91b9e3a_z.jpg"
"25902864105","49.414609","8.662228","https://farm2.staticflickr.com/1719/25902864105_8bbd0aa575_z.jpg"
"25274159393","49.414609","8.662228","https://farm2.staticflickr.com/1490/25274159393_98b0e83d52_z.jpg"
"25274158703","49.414609","8.662228","https://farm2.staticflickr.com/1613/25274158703_638d913e1b_z.jpg"
"25602291180","49.414609","8.662228","https://farm2.staticflickr.com/1483/25602291180_fee1719c4b_z.jpg"
"25807916151","49.414609","8.662228","https://farm2.staticflickr.com/1712/25807916151_c9fc4ff58b_z.jpg"
"25876978416","49.414609","8.662228","https://farm2.staticflickr.com/1590/25876978416_d1c16f2738_z.jpg"
"25270141454","49.414609","8.662228","https://farm2.staticflickr.com/1640/25270141454_d8b935c0e2_z.jpg"
"25782088292","49.414609","8.662228","https://farm2.staticflickr.com/1600/25782088292_b35076ca56_z.jpg"
"25602286810","49.414609","8.662228","https://farm2.staticflickr.com/1591/25602286810_b0830ba130_z.jpg"
"25782085682","49.414609","8.662228","https://farm2.staticflickr.com/1693/25782085682_e5b9923259_z.jpg"
"25602284890","49.414609","8.662228","https://farm2.staticflickr.com/1688/25602284890_c8596f4e2d_z.jpg"
"25270136304","49.414609","8.662228","https://farm2.staticflickr.com/1587/25270136304_0ee9989dbd_z.jpg"
"25782083072","49.414609","8.662228","https://farm2.staticflickr.com/1600/25782083072_d2c3b1fcb1_z.jpg"
"25602280930","49.414609","8.662228","https://farm2.staticflickr.com/1697/25602280930_875c2d4065_z.jpg"
"25807905141","49.414609","8.662228","https://farm2.staticflickr.com/1485/25807905141_370a6911d2_z.jpg"
"25782078182","49.414609","8.662228","https://farm2.staticflickr.com/1580/25782078182_cc4c4923ff_z.jpg"
"25270129734","49.414609","8.662228","https://farm2.staticflickr.com/1689/25270129734_f564a6be48_z.jpg"
"25807903231","49.414609","8.662228","https://farm2.staticflickr.com/1548/25807903231_b565114c04_z.jpg"
"25270128464","49.414609","8.662228","https://farm2.staticflickr.com/1712/25270128464_d5911f51c4_z.jpg"
"25807901141","49.414609","8.662228","https://farm2.staticflickr.com/1640/25807901141_7f2fdecca3_z.jpg"
"25876963106","49.414609","8.662228","https://farm2.staticflickr.com/1503/25876963106_775ba33b9d_z.jpg"
"25270125404","49.414609","8.662228","https://farm2.staticflickr.com/1577/25270125404_89ff980b42_z.jpg"
"25274139453","49.414609","8.662228","https://farm2.staticflickr.com/1473/25274139453_2457044b11_z.jpg"
"25270123534","49.414609","8.662228","https://farm2.staticflickr.com/1470/25270123534_f9834d3777_z.jpg"
"25782070842","49.414609","8.662228","https://farm2.staticflickr.com/1532/25782070842_a2a838d29b_z.jpg"
"25602270810","49.414609","8.662228","https://farm2.staticflickr.com/1610/25602270810_f070652b69_z.jpg"
"25902838455","49.414609","8.662228","https://farm2.staticflickr.com/1531/25902838455_b209d8a313_z.jpg"
"25902837215","49.414609","8.662228","https://farm2.staticflickr.com/1622/25902837215_ac9d94db83_z.jpg"
"25274132803","49.414609","8.662228","https://farm2.staticflickr.com/1480/25274132803_414b338fdd_z.jpg"
"25602266190","49.414609","8.662228","https://farm2.staticflickr.com/1557/25602266190_ca29d35055_z.jpg"
"25782062832","49.414609","8.662228","https://farm2.staticflickr.com/1606/25782062832_9df86bb4bd_z.jpg"
"25274128673","49.414609","8.662228","https://farm2.staticflickr.com/1692/25274128673_3c006811be_z.jpg"
"25876948776","49.414609","8.662228","https://farm2.staticflickr.com/1594/25876948776_a7b6b976d8_z.jpg"
"25782058912","49.414609","8.662228","https://farm2.staticflickr.com/1485/25782058912_df19ae6770_z.jpg"
"25602258990","49.414609","8.662228","https://farm2.staticflickr.com/1457/25602258990_5ca53a2d17_z.jpg"
"25807881401","49.414609","8.662228","https://farm2.staticflickr.com/1548/25807881401_24e21ebd77_z.jpg"
"25902824305","49.414609","8.662228","https://farm2.staticflickr.com/1585/25902824305_844ed1c854_z.jpg"
"25274120033","49.414609","8.662228","https://farm2.staticflickr.com/1530/25274120033_7e443817b1_z.jpg"
"25807877081","49.414609","8.662228","https://farm2.staticflickr.com/1488/25807877081_c193a28718_z.jpg"
"25807875651","49.414609","8.662228","https://farm2.staticflickr.com/1643/25807875651_07745b75f5_z.jpg"
"25807874341","49.414609","8.662228","https://farm2.staticflickr.com/1625/25807874341_96c7d2c97b_z.jpg"
"25602248020","49.414609","8.662228","https://farm2.staticflickr.com/1564/25602248020_31a64666a6_z.jpg"
"25782044392","49.414609","8.662228","https://farm2.staticflickr.com/1502/25782044392_e5cd32ceb3_z.jpg"
"25876931356","49.414609","8.662228","https://farm2.staticflickr.com/1481/25876931356_db4030236e_z.jpg"
"25274107953","49.414609","8.662228","https://farm2.staticflickr.com/1537/25274107953_d1a01f6a08_z.jpg"
"25807866161","49.414609","8.662228","https://farm2.staticflickr.com/1502/25807866161_4a4dbaa6af_z.jpg"
"25782039822","49.414609","8.662228","https://farm2.staticflickr.com/1541/25782039822_42b6817013_z.jpg"
"25807864261","49.414609","8.662228","https://farm2.staticflickr.com/1447/25807864261_122c63eb4e_z.jpg"
"25902806475","49.414609","8.662228","https://farm2.staticflickr.com/1565/25902806475_9393f857d0_z.jpg"
"25274102523","49.414609","8.662228","https://farm2.staticflickr.com/1594/25274102523_b95cf7c292_z.jpg"
"25902804885","49.414609","8.662228","https://farm2.staticflickr.com/1703/25902804885_85d50964d6_z.jpg"
"25274100923","49.414609","8.662228","https://farm2.staticflickr.com/1590/25274100923_78172fdbe6_z.jpg"
"25782033632","49.414609","8.662228","https://farm2.staticflickr.com/1666/25782033632_607e6d8524_z.jpg"
"25274099353","49.414609","8.662228","https://farm2.staticflickr.com/1718/25274099353_46e5343cc7_z.jpg"
"25902802025","49.414609","8.662228","https://farm2.staticflickr.com/1491/25902802025_ef1b19c64a_z.jpg"
"25876919906","49.414609","8.662228","https://farm2.staticflickr.com/1627/25876919906_e1fc28aff2_z.jpg"
"25602229930","49.414609","8.662228","https://farm2.staticflickr.com/1515/25602229930_b812c3f5a9_z.jpg"
"25602228810","49.414609","8.662228","https://farm2.staticflickr.com/1702/25602228810_7dc36e4d26_z.jpg"
"25270080294","49.414609","8.662228","https://farm2.staticflickr.com/1499/25270080294_312b18f183_z.jpg"
"25270079384","49.414609","8.662228","https://farm2.staticflickr.com/1449/25270079384_04478d219c_z.jpg"
"25274093153","49.414609","8.662228","https://farm2.staticflickr.com/1616/25274093153_d7098d7603_z.jpg"
"25602225640","49.414609","8.662228","https://farm2.staticflickr.com/1495/25602225640_00317c4899_z.jpg"
"25270076944","49.414609","8.662228","https://farm2.staticflickr.com/1508/25270076944_1f06eeafc2_z.jpg"
"25807849081","49.414609","8.662228","https://farm2.staticflickr.com/1495/25807849081_430fa73ced_z.jpg"
"25902793185","49.414609","8.662228","https://farm2.staticflickr.com/1665/25902793185_a4276f2bc3_z.jpg"
"25602222010","49.414609","8.662228","https://farm2.staticflickr.com/1646/25602222010_a5df163ab5_z.jpg"
"25248658434","49.414609","8.662228","https://farm2.staticflickr.com/1566/25248658434_0b0a04f4a1_z.jpg"
"25855446916","49.414609","8.662228","https://farm2.staticflickr.com/1558/25855446916_3f91ee22aa_z.jpg"
"25252631133","49.414609","8.662228","https://farm2.staticflickr.com/1474/25252631133_966d378990_z.jpg"
"25580780910","49.414609","8.662228","https://farm2.staticflickr.com/1657/25580780910_02dd6baa0e_z.jpg"
"25855443836","49.414609","8.662228","https://farm2.staticflickr.com/1521/25855443836_f9b0baa04e_z.jpg"
"25760563322","49.414609","8.662228","https://farm2.staticflickr.com/1669/25760563322_bc1623557d_z.jpg"
"25580778430","49.414609","8.662228","https://farm2.staticflickr.com/1613/25580778430_b1fd5c39e5_z.jpg"
"25760561712","49.414609","8.662228","https://farm2.staticflickr.com/1571/25760561712_0be6951dc2_z.jpg"
"25859012405","49.408910","8.692884","https://farm2.staticflickr.com/1705/25859012405_40e86fbeac_z.jpg"
"25174059864","49.412813","8.675450","https://farm2.staticflickr.com/1582/25174059864_3f67422c50_z.jpg"
"25778451876","49.412102","8.676558","https://farm2.staticflickr.com/1591/25778451876_bbfc6b3444_z.jpg"
"25124176864","49.403661","8.675804","https://farm2.staticflickr.com/1703/25124176864_23388b08e3_z.jpg"
"25614175742","49.409272","8.713108","https://farm2.staticflickr.com/1700/25614175742_72a86d9c05_z.jpg"
"25108556673","49.409188","8.713038","https://farm2.staticflickr.com/1528/25108556673_b6f1d091c8_z.jpg"
"25709118286","49.409852","8.715255","https://farm2.staticflickr.com/1517/25709118286_1c438bb917_z.jpg"
"25614156522","49.410591","8.715224","https://farm2.staticflickr.com/1601/25614156522_f9d018cce1_z.jpg"
"25735158915","49.410713","8.715200","https://farm2.staticflickr.com/1659/25735158915_1cc58b0026_z.jpg"
"25640098211","49.410888","8.715463","https://farm2.staticflickr.com/1526/25640098211_5426f00cb6_z.jpg"
"25709103286","49.410888","8.715463","https://farm2.staticflickr.com/1665/25709103286_3e49427acf_z.jpg"
"25104731944","49.410888","8.715463","https://farm2.staticflickr.com/1650/25104731944_645061a460_z.jpg"
"25104729794","49.410888","8.715463","https://farm2.staticflickr.com/1494/25104729794_4b1e10c4f2_z.jpg"
"25614138262","49.410888","8.715463","https://farm2.staticflickr.com/1719/25614138262_17f9afaf7f_z.jpg"
"25709091856","49.410888","8.715463","https://farm2.staticflickr.com/1487/25709091856_777ddf0f33_z.jpg"
"25614132062","49.410888","8.715463","https://farm2.staticflickr.com/1630/25614132062_1fdd91a725_z.jpg"
"25104718644","49.410888","8.715463","https://farm2.staticflickr.com/1637/25104718644_d972cba630_z.jpg"
"25640074791","49.411147","8.715200","https://farm2.staticflickr.com/1585/25640074791_497b2babf6_z.jpg"
"25108506233","49.411133","8.715266","https://farm2.staticflickr.com/1486/25108506233_defa5bcebc_z.jpg"
"25735125045","49.411172","8.715155","https://farm2.staticflickr.com/1546/25735125045_625c5136ea_z.jpg"
"25614113452","49.411858","8.711527","https://farm2.staticflickr.com/1699/25614113452_6b65227f4a_z.jpg"
"25640059211","49.412013","8.710672","https://farm2.staticflickr.com/1673/25640059211_c5a433eb85_z.jpg"
"25104696634","49.412655","8.709674","https://farm2.staticflickr.com/1660/25104696634_90bf10cbb2_z.jpg"
"25434389380","49.412655","8.709650","https://farm2.staticflickr.com/1509/25434389380_916df8c05f_z.jpg"
"25104688434","49.413174","8.709566","https://farm2.staticflickr.com/1498/25104688434_b26a519f82_z.jpg"
"25104685924","49.413297","8.709480","https://farm2.staticflickr.com/1513/25104685924_cba7a58864_z.jpg"
"25735102415","49.413286","8.709416","https://farm2.staticflickr.com/1686/25735102415_231ddb1da8_z.jpg"
"25640039501","49.413341","8.709516","https://farm2.staticflickr.com/1685/25640039501_820c5010d0_z.jpg"
"25709045056","49.413386","8.709580","https://farm2.staticflickr.com/1505/25709045056_2573f49b1b_z.jpg"
"25104674264","49.413700","8.709536","https://farm2.staticflickr.com/1631/25104674264_51c17a3d3a_z.jpg"
"25434370180","49.413830","8.709538","https://farm2.staticflickr.com/1682/25434370180_941112fee6_z.jpg"
"25434367650","49.413850","8.709647","https://farm2.staticflickr.com/1694/25434367650_4a306c9a83_z.jpg"
"25108462963","49.413419","8.709722","https://farm2.staticflickr.com/1446/25108462963_d26c5e9c97_z.jpg"
"25614072922","49.413297","8.709558","https://farm2.staticflickr.com/1469/25614072922_8c4020f70b_z.jpg"
"25733414755","49.418488","8.686880","https://farm2.staticflickr.com/1522/25733414755_c8e0a710fa_z.jpg"
"25707266326","49.418152","8.686352","https://farm2.staticflickr.com/1554/25707266326_2f6a364f84_z.jpg"
"25390441170","49.413622","8.708522","https://farm2.staticflickr.com/1716/25390441170_918a63a419_z.jpg"
"25674188165","49.425774","8.655433","https://farm2.staticflickr.com/1650/25674188165_699be9ebc8_z.jpg"
"25184909769","49.412766","8.704553","https://farm2.staticflickr.com/1575/25184909769_e8a39dcd2b_z.jpg"
"25550716255","49.407050","8.714572","https://farm2.staticflickr.com/1706/25550716255_36e0441d2c_z.jpg"
"25132041419","49.413583","8.663663","https://farm2.staticflickr.com/1585/25132041419_452bbd75d9_z.jpg"
"24868844104","49.409297","8.695549","https://farm2.staticflickr.com/1678/24868844104_f1c2b3aeda_z.jpg"
"24821615684","49.407050","8.714572","https://farm2.staticflickr.com/1625/24821615684_1735532101_z.jpg"
"24818915463","49.425153","8.639811","https://farm2.staticflickr.com/1625/24818915463_b955d9815a_z.jpg"
"25386505675","49.407050","8.714572","https://farm2.staticflickr.com/1546/25386505675_d71202d879_z.jpg"
"25259520302","49.412200","8.710000","https://farm2.staticflickr.com/1638/25259520302_199bbc103f_z.jpg"
"25046893790","49.409700","8.705830","https://farm2.staticflickr.com/1647/25046893790_28e3cdf0b6_z.jpg"
